Company Name,CityU URL
3D printing low-carbon ecological concrete,https://www.cityu.edu.hk/hktech300/start-ups/seed-fund-teams/3d-printing-low-carbon-ecological-concrete
5th Immersiv,https://www.cityu.edu.hk/hktech300/start-ups/seed-fund-teams/5th-immersiv
6J Biotechnology (Hong Kong) Limited,https://www.cityu.edu.hk/hktech300/start-ups/angel-fund-teams/6j-biotechnology
A-TCMS (Autonomous Tire Condition Monitoring System),https://www.cityu.edu.hk/hktech300/start-ups/seed-fund-teams/a-tcms
A.I. Ambassador (Virtual Receptionist) kiosk solution,https://www.cityu.edu.hk/hktech300/start-ups/seed-fund-teams/ai-ambassador
A3-ml Ltd,https://www.cityu.edu.hk/hktech300/start-ups/seed-fund-teams/a3-ml
ABCDYi,https://www.cityu.edu.hk/hktech300/start-ups/seed-fund-teams/abcdyi
Accessible Vision,https://www.cityu.edu.hk/hktech300/start-ups/seed-fund-teams/accessible-vision
Accucision,https://www.cityu.edu.hk/hktech300/start-ups/seed-fund-teams/accucision
Aeroponics King,https://www.cityu.edu.hk/hktech300/start-ups/seed-fund-teams/aeroponics-king
AESIR Institute Limited,https://www.cityu.edu.hk/hktech300/start-ups/angel-fund-teams/aesir
Aestrio,https://www.cityu.edu.hk/hktech300/start-ups/seed-fund-teams/aestrio
AFJ – TutorGPT,https://www.cityu.edu.hk/hktech300/start-ups/seed-fund-teams/afj-tutorgpt
Aflame E-SOC,https://www.cityu.edu.hk/hktech300/start-ups/seed-fund-teams/aflame-e-soc
AI Doodle,https://www.cityu.edu.hk/hktech300/start-ups/seed-fund-teams/ai-doodle
AI Guided Limited,https://www.cityu.edu.hk/hktech300/start-ups/seed-fund-teams/ai-guided-limited
AI Mnemonic,https://www.cityu.edu.hk/hktech300/start-ups/seed-fund-teams/ai-mnemonic
AI Motion Logistics Limited,https://www.cityu.edu.hk/hktech300/start-ups/angel-fund-teams/ai-motion-logistics-limited
AI Pet Tailor,https://www.cityu.edu.hk/hktech300/start-ups/seed-fund-teams/ai-pet-tailor
AI+Web3 – Demand Abstraction Crypto Wallet Based on AI,https://www.cityu.edu.hk/hktech300/start-ups/seed-fund-teams/aiweb3-demand-abstraction-crypto-wallet-based-ai
AI-based strategy to predict vascular biological age and disease risks,https://www.cityu.edu.hk/hktech300/start-ups/seed-fund-teams/ai-based-strategy-to-predict-vascular-biological-age-and-disease-risks
AI-Driven Insurtech Platform,https://www.cityu.edu.hk/hktech300/start-ups/seed-fund-teams/ai-driven-insurtech-platform
AI-Learn – AI-sen-sei,https://www.cityu.edu.hk/hktech300/start-ups/seed-fund-teams/ai-learn-ai-sen-sei
AI-SMS,https://www.cityu.edu.hk/hktech300/start-ups/seed-fund-teams/ai-sms
AI-Tech Robot Arm,https://www.cityu.edu.hk/hktech300/start-ups/seed-fund-teams/ai-tech-robot-arm
AI2Farm,https://www.cityu.edu.hk/hktech300/start-ups/seed-fund-teams/ai2farm
AIMSec: AI-powered Mobile Security,https://www.cityu.edu.hk/hktech300/start-ups/seed-fund-teams/aimsec
AiR World Limited,https://www.cityu.edu.hk/hktech300/start-ups/angel-fund-teams/air-world-limited
Airgie – Next Generation Air Monitoring,https://www.cityu.edu.hk/hktech300/start-ups/seed-fund-teams/airgie-next-generation-air-monitoring
AIRmotion,https://www.cityu.edu.hk/hktech300/start-ups/seed-fund-teams/airmotion
AirTech IoT Limited,https://www.cityu.edu.hk/hktech300/start-ups/airtech-iot-limited
AISG Group Limited,https://www.cityu.edu.hk/hktech300/start-ups/angel-fund-teams/aisg-group
ALAM,https://www.cityu.edu.hk/hktech300/start-ups/seed-fund-teams/alam
Albacastor Technology Limited,https://www.cityu.edu.hk/hktech300/start-ups/albacastor-technology-limited
Alcarbo Technologies Limited,https://www.cityu.edu.hk/hktech300/start-ups/angel-fund-teams/alcarbo-technologies
AlephWill Studio Limited – Rehab-Admin System,https://www.cityu.edu.hk/hktech300/start-ups/seed-fund-teams/alephwill-studio-limitted
Alfred24,https://www.cityu.edu.hk/hktech300/start-ups/alfred24
AlgaeBase,https://www.cityu.edu.hk/hktech300/start-ups/seed-fund-teams/algaebase
Algo.852,https://www.cityu.edu.hk/hktech300/start-ups/seed-fund-teams/algo852
AlgoGraph,https://www.cityu.edu.hk/hktech300/start-ups/seed-fund-teams/algograph
Alpha AI Technology Limited,https://www.cityu.edu.hk/hktech300/start-ups/angel-fund-teams/alphaaiauto
Alpha Eco,https://www.cityu.edu.hk/hktech300/start-ups/seed-fund-teams/alpha-eco
Alphabag,https://www.cityu.edu.hk/hktech300/start-ups/seed-fund-teams/alphabag
AlphaESG,https://www.cityu.edu.hk/hktech300/start-ups/seed-fund-teams/alphaesg
Alternative Treatment for Alzheimer’s Disease by Reducing Beta-amyloid Accumulation: a Small Molecule Approach,https://www.cityu.edu.hk/hktech300/start-ups/seed-fund-teams/small-molecule-approach
AnalyticX,https://www.cityu.edu.hk/hktech300/start-ups/seed-fund-teams/analyticx
Angel Pet – PETS & PAW,https://www.cityu.edu.hk/hktech300/start-ups/seed-fund-teams/angel-pet-pets-paw
animo,https://www.cityu.edu.hk/hktech300/start-ups/seed-fund-teams/animo
AniTech Limited,https://www.cityu.edu.hk/hktech300/start-ups/angel-fund-teams/anitech
ANRim,https://www.cityu.edu.hk/hktech300/start-ups/seed-fund-teams/anrim
Anti-Allergy Food Club,https://www.cityu.edu.hk/hktech300/start-ups/seed-fund-teams/anti-allergy-food-club
Anti-Recruitment-Fraud Bot,https://www.cityu.edu.hk/hktech300/start-ups/seed-fund-teams/anti-recruitment-fraud-bot
Aopu MMIC (HK) Technology Ltd,https://www.cityu.edu.hk/hktech300/start-ups/aopu-mmic-hk-technology-ltd
AptaTech,https://www.cityu.edu.hk/hktech300/start-ups/seed-fund-teams/aptatech
AquaCos,https://www.cityu.edu.hk/hktech300/start-ups/seed-fund-teams/aquacos
Aquatech Asia Limited,https://www.cityu.edu.hk/hktech300/start-ups/angel-fund-teams/aquatech-asia-limited
ARBELE Limited,https://www.cityu.edu.hk/hktech300/start-ups/angel-fund-teams/arbele-limited
ArchiTech,https://www.cityu.edu.hk/hktech300/start-ups/seed-fund-teams/architech
ARCS,https://www.cityu.edu.hk/hktech300/start-ups/seed-fund-teams/arcs
AREIX Analytics Limited,https://www.cityu.edu.hk/hktech300/start-ups/angel-fund-teams/areix
ArkalaFarmers,https://www.cityu.edu.hk/hktech300/start-ups/seed-fund-teams/arkalafarmers
Arogrena,https://www.cityu.edu.hk/hktech300/start-ups/seed-fund-teams/arogrena
Art Tech Bay,https://www.cityu.edu.hk/hktech300/start-ups/seed-fund-teams/art-tech-bay
Artificial Intelligence - Safety Working Platform,https://www.cityu.edu.hk/hktech300/start-ups/seed-fund-teams/artificial-intelligence-safety-working-platform
Arvin – Speaking AI,https://www.cityu.edu.hk/hktech300/start-ups/seed-fund-teams/arvin
AR_DRAMA,https://www.cityu.edu.hk/hktech300/start-ups/seed-fund-teams/ar-drama
ASA Robotics Limited,https://www.cityu.edu.hk/hktech300/start-ups/angel-fund-teams/asa-robotics-limited
Asia Digital Asset Club,https://www.cityu.edu.hk/hktech300/start-ups/seed-fund-teams/asia-digital-asset-club
Askpire,https://www.cityu.edu.hk/hktech300/start-ups/seed-fund-teams/askpire
ATEC Film Technologies Limited,https://www.cityu.edu.hk/hktech300/start-ups/atec-film-technologies-limited
Attitude sensing system for heavy machinery,https://www.cityu.edu.hk/hktech300/start-ups/seed-fund-teams/attitude-sensing-system
Attofund,https://www.cityu.edu.hk/hktech300/start-ups/seed-fund-teams/attofund
AudioGeeks – MuGEN,https://www.cityu.edu.hk/hktech300/start-ups/seed-fund-teams/audiogeeks-mugen
AuthBlock — Web3 Application Infrastructure,https://www.cityu.edu.hk/hktech300/start-ups/seed-fund-teams/authblock
Autofill Bot,https://www.cityu.edu.hk/hktech300/start-ups/seed-fund-teams/autofill-bot
Automatic battery thermal control system,https://www.cityu.edu.hk/hktech300/start-ups/seed-fund-teams/automatic-battery-thermal-control-system
AWIL Group – All Walks,https://www.cityu.edu.hk/hktech300/start-ups/seed-fund-teams/awil-group-all-walks
BA-RHMS (Band-Aid Railway Health Monitoring System),https://www.cityu.edu.hk/hktech300/start-ups/seed-fund-teams/ba-rhms
BacMed,https://www.cityu.edu.hk/hktech300/start-ups/seed-fund-teams/bacmed
Bag Plus,https://www.cityu.edu.hk/hktech300/start-ups/seed-fund-teams/bag-plus
Ball PB,https://www.cityu.edu.hk/hktech300/start-ups/seed-fund-teams/ball-pb
BARK,https://www.cityu.edu.hk/hktech300/start-ups/seed-fund-teams/bark
Bee Prepared,https://www.cityu.edu.hk/hktech300/start-ups/seed-fund-teams/bee-prepared
Begain,https://www.cityu.edu.hk/hktech300/start-ups/seed-fund-teams/begain
Belun Technology Company Limited,https://www.cityu.edu.hk/hktech300/start-ups/angel-fund-teams/beluntech
Bettery,https://www.cityu.edu.hk/hktech300/start-ups/seed-fund-teams/bettery
BioInsight Innovations,https://www.cityu.edu.hk/hktech300/start-ups/seed-fund-teams/bioinsight-innovations
Bioinspired Topological Skin,https://www.cityu.edu.hk/hktech300/start-ups/seed-fund-teams/bioinspired-topological-skin
Biolot,https://www.cityu.edu.hk/hktech300/start-ups/seed-fund-teams/biolot
BioMetallica,https://www.cityu.edu.hk/hktech300/start-ups/seed-fund-teams/biometallica
BITHON,https://www.cityu.edu.hk/hktech300/start-ups/seed-fund-teams/bithon
BIY Smoothie Love,https://www.cityu.edu.hk/hktech300/start-ups/seed-fund-teams/biy-smoothie-love
Blockchain Credit Platform,https://www.cityu.edu.hk/hktech300/start-ups/seed-fund-teams/blockchain-credit-platform
Blook,https://www.cityu.edu.hk/hktech300/start-ups/seed-fund-teams/blook
BNET-TECH Company Limited,https://www.cityu.edu.hk/hktech300/start-ups/angel-fund-teams/bnet-tech
Bookit,https://www.cityu.edu.hk/hktech300/start-ups/seed-fund-teams/bookit
Botanique,https://www.cityu.edu.hk/hktech300/start-ups/seed-fund-teams/botanique
BOXS Limited,https://www.cityu.edu.hk/hktech300/start-ups/angel-fund-teams/boxs-limited
Boxtalk Media Limited,https://www.cityu.edu.hk/hktech300/start-ups/seed-fund-teams/boxtalk-media-limited
BridgeImpact,https://www.cityu.edu.hk/hktech300/start-ups/seed-fund-teams/bridgeimpact
BUCHA LIMITED – BUCHA KING,https://www.cityu.edu.hk/hktech300/start-ups/seed-fund-teams/bucha-limited-bucha-king
Bud Silver Tech,https://www.cityu.edu.hk/hktech300/start-ups/seed-fund-teams/bud-silver-tech
BudsAlike,https://www.cityu.edu.hk/hktech300/start-ups/seed-fund-teams/budsalike
Building a leading Asia Retailtainment Franchise,https://www.cityu.edu.hk/hktech300/start-ups/seed-fund-teams/building-leading-asia-retailtainment-franchise
Building Useable and Smarter Security Services for FinTech,https://www.cityu.edu.hk/hktech300/start-ups/seed-fund-teams/useable-and-smarter-security-services-for-fintech
BusinessPsyche,https://www.cityu.edu.hk/hktech300/start-ups/seed-fund-teams/businesspsyche
Call Call Taxi Hailing System,https://www.cityu.edu.hk/hktech300/start-ups/seed-fund-teams/call-call-taxi-hailing-system
Cally Technology Limited,https://www.cityu.edu.hk/hktech300/start-ups/angel-fund-teams/cally-technology
Can-Cure,https://www.cityu.edu.hk/hktech300/start-ups/seed-fund-teams/can-cure
Canpanion Group Limited,https://www.cityu.edu.hk/hktech300/start-ups/seed-fund-teams/canpanion-group-limited
Carful Group Limited,https://www.cityu.edu.hk/hktech300/start-ups/angel-fund-teams/carful-group-limited
CASHON,https://www.cityu.edu.hk/hktech300/start-ups/seed-fund-teams/cashon
Castfact Limited,https://www.cityu.edu.hk/hktech300/start-ups/angel-fund-teams/castfact-limited
Cat Limited,https://www.cityu.edu.hk/hktech300/start-ups/angel-fund-teams/cattech
Catnip,https://www.cityu.edu.hk/hktech300/start-ups/seed-fund-teams/catnip
Cell-based bioassay platform for rapid toxicity testing,https://www.cityu.edu.hk/hktech300/start-ups/seed-fund-teams/cell-based-bioassay-platform-for-rapid-toxicity-testing
Central Dogma,https://www.cityu.edu.hk/hktech300/start-ups/seed-fund-teams/central-dogma
CerebralCare,https://www.cityu.edu.hk/hktech300/start-ups/seed-fund-teams/cerebralcare
Certifi,https://www.cityu.edu.hk/hktech300/start-ups/seed-fund-teams/certifi
CF Group,https://www.cityu.edu.hk/hktech300/start-ups/seed-fund-teams/cf-group
CHAKFOTO Technology Limited Company,https://www.cityu.edu.hk/hktech300/start-ups/angel-fund-teams/chakfoto-technology-limited-company
ChatChatBuy,https://www.cityu.edu.hk/hktech300/start-ups/seed-fund-teams/chatchatbuy
CheckMate,https://www.cityu.edu.hk/hktech300/start-ups/seed-fund-teams/checkmate
CheckPoint,https://www.cityu.edu.hk/hktech300/start-ups/seed-fund-teams/checkpoint
Cheng Zhe Innovator,https://www.cityu.edu.hk/hktech300/start-ups/seed-fund-teams/cheng-zhe-innovator
ChiMed Bee,https://www.cityu.edu.hk/hktech300/start-ups/seed-fund-teams/chimedbee
Chinese AIGC Group – ChinAITalk,https://www.cityu.edu.hk/hktech300/start-ups/seed-fund-teams/chinese-aigc-group-chinaitalk
Chinese Speech Training System,https://www.cityu.edu.hk/hktech300/start-ups/seed-fund-teams/chinese-speech-training-system
Chop Chop Chop,https://www.cityu.edu.hk/hktech300/start-ups/seed-fund-teams/chop-chop-chop
Cimple Biotechnology Limited,https://www.cityu.edu.hk/hktech300/start-ups/cimple-biotechnology-limited
CircularNFT,https://www.cityu.edu.hk/hktech300/start-ups/seed-fund-teams/circularnft
CityChain,https://www.cityu.edu.hk/hktech300/start-ups/seed-fund-teams/citychain
CityPro,https://www.cityu.edu.hk/hktech300/start-ups/seed-fund-teams/citypro
CityPro Technology Limited,https://www.cityu.edu.hk/hktech300/start-ups/citypro-technology-limited
Clos3t Labs,https://www.cityu.edu.hk/hktech300/start-ups/seed-fund-teams/clos3t-labs
Cloud Kitchen,https://www.cityu.edu.hk/hktech300/start-ups/seed-fund-teams/cloud-kitchen
CLS Environmental Technologies Ltd,https://www.cityu.edu.hk/hktech300/start-ups/angel-fund-teams/carbonlitesystem
CodeMasters – DevGenius,https://www.cityu.edu.hk/hktech300/start-ups/seed-fund-teams/codemasters-devgenius
Coffee Cat,https://www.cityu.edu.hk/hktech300/start-ups/seed-fund-teams/coffee-cat
Colab,https://www.cityu.edu.hk/hktech300/start-ups/seed-fund-teams/colab
Collage,https://www.cityu.edu.hk/hktech300/start-ups/seed-fund-teams/collage
ColorPixel (Hong Kong) Company Limited,https://www.cityu.edu.hk/hktech300/start-ups/angel-fund-teams/colorpixel-company-limited
Columbo Tech,https://www.cityu.edu.hk/hktech300/start-ups/seed-fund-teams/columbo-tech
CombCure,https://www.cityu.edu.hk/hktech300/start-ups/seed-fund-teams/combcure
ComFlex Technologies,https://www.cityu.edu.hk/hktech300/start-ups/seed-fund-teams/comflex-technologies
COMPASS Health Technology,https://www.cityu.edu.hk/hktech300/start-ups/seed-fund-teams/compass-health-technology
Comprehensive open community for pet owners,https://www.cityu.edu.hk/hktech300/start-ups/seed-fund-teams/comprehensive-open-community-pet-owners
Computer-Aided PROTAC Drug Design,https://www.cityu.edu.hk/hktech300/start-ups/seed-fund-teams/computer-aided-protac-drug-design
Concatenate,https://www.cityu.edu.hk/hktech300/start-ups/seed-fund-teams/concatenate
Concerto,https://www.cityu.edu.hk/hktech300/start-ups/seed-fund-teams/concerto
ConCheck,https://www.cityu.edu.hk/hktech300/start-ups/seed-fund-teams/concheck
Connect,https://www.cityu.edu.hk/hktech300/start-ups/seed-fund-teams/connect
Const,https://www.cityu.edu.hk/hktech300/start-ups/seed-fund-teams/const
Construction Progress & Quality Management System,https://www.cityu.edu.hk/hktech300/start-ups/seed-fund-teams/snervenet
ConstruCTV,https://www.cityu.edu.hk/hktech300/start-ups/seed-fund-teams/constructv
ConTech Spark,https://www.cityu.edu.hk/hktech300/start-ups/seed-fund-teams/contech-spark
Continuous Blood Pressure Imaging Based on Multispectrual Tonoarteriography (MSTAG) and Lensless Camera Technology,https://www.cityu.edu.hk/hktech300/start-ups/seed-fund-teams/continuous-blook-pressure-imaging
Convatic,https://www.cityu.edu.hk/hktech300/start-ups/seed-fund-teams/convatic
COO,https://www.cityu.edu.hk/hktech300/start-ups/seed-fund-teams/coo
Cooki,https://www.cityu.edu.hk/hktech300/start-ups/seed-fund-teams/cooki
Cool-mall Technology Limited,https://www.cityu.edu.hk/hktech300/start-ups/angel-fund-teams/cool-mall
Cooldk,https://www.cityu.edu.hk/hktech300/start-ups/seed-fund-teams/cooldk
CoolRadiant Technology,https://www.cityu.edu.hk/hktech300/start-ups/seed-fund-teams/coolradiant-technology
Coraleus Limited,https://www.cityu.edu.hk/hktech300/start-ups/angel-fund-teams/coraleus-limited
CorD,https://www.cityu.edu.hk/hktech300/start-ups/seed-fund-teams/cord
Corpbot,https://www.cityu.edu.hk/hktech300/start-ups/seed-fund-teams/corpbot
Cosmic Hydrogen Energy,https://www.cityu.edu.hk/hktech300/start-ups/seed-fund-teams/cosmic-hydrogen-energy
Coursefy,https://www.cityu.edu.hk/hktech300/start-ups/seed-fund-teams/coursefy
Coverbase,https://www.cityu.edu.hk/hktech300/start-ups/seed-fund-teams/coverbase
Credenshow,https://www.cityu.edu.hk/hktech300/start-ups/seed-fund-teams/credenshow
Cryptocert,https://www.cityu.edu.hk/hktech300/start-ups/seed-fund-teams/cryptocert
Curabo,https://www.cityu.edu.hk/hktech300/start-ups/seed-fund-teams/curabo
Curltai – DATQA,https://www.cityu.edu.hk/hktech300/start-ups/seed-fund-teams/curltai-datqa
Cyber Interior Designbot,https://www.cityu.edu.hk/hktech300/start-ups/seed-fund-teams/cyber-interior-designbot
D.I.Y. Negative Pressure Air Shield Device for Elderly Homes,https://www.cityu.edu.hk/hktech300/start-ups/seed-fund-teams/diy-negative-pressure-air-shield-device
Da Tong,https://www.cityu.edu.hk/hktech300/start-ups/seed-fund-teams/da-tong
DAINVI Limited,https://www.cityu.edu.hk/hktech300/start-ups/dainvi-limited
DAIOTA All-in-one integrated data and sensor iPaaS solution,https://www.cityu.edu.hk/hktech300/start-ups/seed-fund-teams/daiota
Data Analysis for Web3 (DAW),https://www.cityu.edu.hk/hktech300/start-ups/seed-fund-teams/data-analysis-web3-daw
Datality Lab Limited,https://www.cityu.edu.hk/hktech300/start-ups/angel-fund-teams/datality-lab
DataLouder Company Limited,https://www.cityu.edu.hk/hktech300/start-ups/angel-fund-teams/datalouder
Dayson,https://www.cityu.edu.hk/hktech300/start-ups/seed-fund-teams/dayson
DAYTA AI,https://www.cityu.edu.hk/hktech300/start-ups/angel-fund-teams/dayta-ai
Deep Immune,https://www.cityu.edu.hk/hktech300/start-ups/seed-fund-teams/deep-immune
Deep-Rx,https://www.cityu.edu.hk/hktech300/start-ups/seed-fund-teams/deep-rx
DeepGreen,https://www.cityu.edu.hk/hktech300/start-ups/seed-fund-teams/deepgreen
DeepSeq2Drug,https://www.cityu.edu.hk/hktech300/start-ups/seed-fund-teams/deepseq2drug
define CLEAN,https://www.cityu.edu.hk/hktech300/start-ups/define-clean
Delivery Ape,https://www.cityu.edu.hk/hktech300/start-ups/seed-fund-teams/delivery-ape
DeltaDeFi,https://www.cityu.edu.hk/hktech300/start-ups/seed-fund-teams/deltadefi
Dentell,https://www.cityu.edu.hk/hktech300/start-ups/seed-fund-teams/dentell
Designhub,https://www.cityu.edu.hk/hktech300/start-ups/seed-fund-teams/designhub
Development of anticancer drug candidates using synthetic biology,https://www.cityu.edu.hk/hktech300/start-ups/seed-fund-teams/development-of-anticancer-drug
Digital traffic-management platform for low-altitude urban drone delivery,https://www.cityu.edu.hk/hktech300/start-ups/seed-fund-teams/digital-traffic-management-platform
Digital Twin Technologies on Equine & Horse Welfare Management,https://www.cityu.edu.hk/hktech300/start-ups/seed-fund-teams/equine-and-horse-welfare-management
Digital Universal Network,https://www.cityu.edu.hk/hktech300/start-ups/seed-fund-teams/digital-universal-network
Digital Vision Brands Holdings Limited,https://www.cityu.edu.hk/hktech300/start-ups/angel-fund-teams/digital-vision-brands-holdings-limited
Doctech HK Limited,https://www.cityu.edu.hk/hktech300/start-ups/doctech-hk-limited
DoctorDwelling,https://www.cityu.edu.hk/hktech300/start-ups/seed-fund-teams/doctordwelling
Dory iGarden Ltd.,https://www.cityu.edu.hk/hktech300/start-ups/angel-fund-teams/dory-igarden
Dotato,https://www.cityu.edu.hk/hktech300/start-ups/seed-fund-teams/dotato
dpAuth,https://www.cityu.edu.hk/hktech300/start-ups/seed-fund-teams/dpauth
Dr Nature,https://www.cityu.edu.hk/hktech300/start-ups/seed-fund-teams/dr-nature
Dr Skin,https://www.cityu.edu.hk/hktech300/start-ups/seed-fund-teams/dr-skin
"Dream Aquaculture, Help Farming (DAHF)",https://www.cityu.edu.hk/hktech300/start-ups/seed-fund-teams/dream-aquaculture-help-farming-dahf
DROP System,https://www.cityu.edu.hk/hktech300/start-ups/seed-fund-teams/drop-system
E Farm Biotech Limited,https://www.cityu.edu.hk/hktech300/start-ups/angel-fund-teams/e-farm-biotech
E-Painter,https://www.cityu.edu.hk/hktech300/start-ups/seed-fund-teams/e-painter
E-Predictor – AI prediction & simulation for building energy consumption and carbon emissions,https://www.cityu.edu.hk/hktech300/start-ups/seed-fund-teams/e-predictor
E-VITY LIMITED,https://www.cityu.edu.hk/hktech300/start-ups/e-vity-limited
E2Pilot,https://www.cityu.edu.hk/hktech300/start-ups/seed-fund-teams/e2pilot
E3A Healthcare Pte Limited,https://www.cityu.edu.hk/hktech300/start-ups/e3a-healthcare-pte-limited
EacyCar,https://www.cityu.edu.hk/hktech300/start-ups/seed-fund-teams/eacycar
EARS,https://www.cityu.edu.hk/hktech300/start-ups/seed-fund-teams/ears
Earthy Bowl,https://www.cityu.edu.hk/hktech300/start-ups/seed-fund-teams/earthy-bowl
Easy Tow,https://www.cityu.edu.hk/hktech300/start-ups/seed-fund-teams/easy-tow
Eat100,https://www.cityu.edu.hk/hktech300/start-ups/seed-fund-teams/eat100
Eco-engineered solutions for artificial shoreline restoration,https://www.cityu.edu.hk/hktech300/start-ups/seed-fund-teams/eco-engineered-solutions
EconBlocTech,https://www.cityu.edu.hk/hktech300/start-ups/seed-fund-teams/econbloctech
EcoNexus,https://www.cityu.edu.hk/hktech300/start-ups/seed-fund-teams/econexus
eCoupon4U,https://www.cityu.edu.hk/hktech300/start-ups/seed-fund-teams/ecoupon4u
EcoverseX: Embrace Sustainability,https://www.cityu.edu.hk/hktech300/start-ups/seed-fund-teams/ecoversex-embrace-sustainability
EdHub,https://www.cityu.edu.hk/hktech300/start-ups/seed-fund-teams/edhub
EdPark,https://www.cityu.edu.hk/hktech300/start-ups/seed-fund-teams/edpark
EduGPT – Immersive General Education System,https://www.cityu.edu.hk/hktech300/start-ups/seed-fund-teams/edugpt-immersive-general-education-system
Edxtore,https://www.cityu.edu.hk/hktech300/start-ups/seed-fund-teams/edxtore
Efficient solar hydrogen production technology for green shipping,https://www.cityu.edu.hk/hktech300/start-ups/seed-fund-teams/solar-hydrogen-production-technology
EGGPO,https://www.cityu.edu.hk/hktech300/start-ups/seed-fund-teams/eggpo
Elastick Tech,https://www.cityu.edu.hk/hktech300/start-ups/seed-fund-teams/elastick-tech
Elderberry,https://www.cityu.edu.hk/hktech300/start-ups/seed-fund-teams/elderberry
Electro-Ohmics,https://www.cityu.edu.hk/hktech300/start-ups/seed-fund-teams/electro-ohmics
Electrochemical reactor based on graphene in marine recirculating aquaculture systems (RAS),https://www.cityu.edu.hk/hktech300/start-ups/seed-fund-teams/electrochemical-reactor
EmCore Protection,https://www.cityu.edu.hk/hktech300/start-ups/seed-fund-teams/emcore-protection
Emosleep,https://www.cityu.edu.hk/hktech300/start-ups/seed-fund-teams/emosleep
Energy-Efficient and Self- Regulating Smart Electrochemical Reactor for Inorganic/Organic Pollutant Degradation in Wastewater,https://www.cityu.edu.hk/hktech300/start-ups/seed-fund-teams/smart-electrochemical-reactor
Environmental Star,https://www.cityu.edu.hk/hktech300/start-ups/seed-fund-teams/environmental-star
Epiphany,https://www.cityu.edu.hk/hktech300/start-ups/seed-fund-teams/epiphany
Eradication of counterfeit medicines from the medical supply chain using blockchain and IoT devices,https://www.cityu.edu.hk/hktech300/start-ups/seed-fund-teams/eradication-of-counterfeit-medicines
Ergotek Limited,https://www.cityu.edu.hk/hktech300/start-ups/angel-fund-teams/ergotek
ESG and Green Finance Education Group,https://www.cityu.edu.hk/hktech300/start-ups/seed-fund-teams/esg-and-green-finance-education-group
ESG GO,https://www.cityu.edu.hk/hktech300/start-ups/seed-fund-teams/esg-go
ESG Platform for Charity Fundraising,https://www.cityu.edu.hk/hktech300/start-ups/seed-fund-teams/esg-platform-for-charity-fundraising
ESGeo-Ais,https://www.cityu.edu.hk/hktech300/start-ups/seed-fund-teams/esgeo-ais
ESSAA Limited,https://www.cityu.edu.hk/hktech300/start-ups/angel-fund-teams/creatogether
Eurybia Technology Limited,https://www.cityu.edu.hk/hktech300/start-ups/eurybia-technology-limited
EVE (EV Experience),https://www.cityu.edu.hk/hktech300/start-ups/seed-fund-teams/ev-experience
Ever View Technology Limited,https://www.cityu.edu.hk/hktech300/start-ups/angel-fund-teams/ever-view-technology
Evergreen,https://www.cityu.edu.hk/hktech300/start-ups/seed-fund-teams/evergreen
Everybaba,https://www.cityu.edu.hk/hktech300/start-ups/seed-fund-teams/everybaba
Evoke A.I. Education – AccuWrite,https://www.cityu.edu.hk/hktech300/start-ups/seed-fund-teams/evoke-ai-education-accuwrite
EXES,https://www.cityu.edu.hk/hktech300/start-ups/seed-fund-teams/exes
Exhib!t,https://www.cityu.edu.hk/hktech300/start-ups/seed-fund-teams/exhib%21t
Expando World Limited,https://www.cityu.edu.hk/hktech300/start-ups/expando-world-limited
Fab2care,https://www.cityu.edu.hk/hktech300/start-ups/seed-fund-teams/fab2care
Factgie,https://www.cityu.edu.hk/hktech300/start-ups/seed-fund-teams/factgie
Famchat - A digital social platform for the elderly,https://www.cityu.edu.hk/hktech300/start-ups/seed-fund-teams/famchat
Fantasktic – Supercharge Classroom Learning,https://www.cityu.edu.hk/hktech300/start-ups/seed-fund-teams/fantasktic
FarFit,https://www.cityu.edu.hk/hktech300/start-ups/seed-fund-teams/farfit
Farm66 Investment Limited,https://www.cityu.edu.hk/hktech300/start-ups/angel-fund-teams/farm66
Farrago AI,https://www.cityu.edu.hk/hktech300/start-ups/seed-fund-teams/farrago-ai
Feelings AI,https://www.cityu.edu.hk/hktech300/start-ups/angel-fund-teams/feelings-ai
Fetal Movement Detection,https://www.cityu.edu.hk/hktech300/start-ups/seed-fund-teams/fetal-movement-detection
FIGTION LIMITED,https://www.cityu.edu.hk/hktech300/start-ups/seed-fund-teams/figtion-limited
FinBridge,https://www.cityu.edu.hk/hktech300/start-ups/seed-fund-teams/finbridge
FinCatch,https://www.cityu.edu.hk/hktech300/start-ups/seed-fund-teams/fincatch
FIND,https://www.cityu.edu.hk/hktech300/start-ups/seed-fund-teams/find
FineTech,https://www.cityu.edu.hk/hktech300/start-ups/seed-fund-teams/finetech
FingerDance,https://www.cityu.edu.hk/hktech300/start-ups/seed-fund-teams/fingerdance
FireWatcher (LoraWAN),https://www.cityu.edu.hk/hktech300/start-ups/seed-fund-teams/firewatcher-lorawan
Fish Smart,https://www.cityu.edu.hk/hktech300/start-ups/seed-fund-teams/fish-smart
FitnessML,https://www.cityu.edu.hk/hktech300/start-ups/seed-fund-teams/fitnessml
FLASH Diagnostics Limited,https://www.cityu.edu.hk/hktech300/start-ups/angel-fund-teams/flash-diagnostics
Flash Prompt - prompt marketplace,https://www.cityu.edu.hk/hktech300/start-ups/seed-fund-teams/flash-prompt-prompt-marketplace
FlashMind,https://www.cityu.edu.hk/hktech300/start-ups/seed-fund-teams/flashmind
FlexiPulse,https://www.cityu.edu.hk/hktech300/start-ups/seed-fund-teams/flexipulse
FluoTech Biosciences Limited,https://www.cityu.edu.hk/hktech300/start-ups/seed-fund-teams/fluotech-biosciences-limited
Flying Wings Engineering,https://www.cityu.edu.hk/hktech300/start-ups/seed-fund-teams/flying-wings-engineering
Foodoor Limited,https://www.cityu.edu.hk/hktech300/start-ups/seed-fund-teams/foodoor-limited
Foodstop Limited,https://www.cityu.edu.hk/hktech300/start-ups/angel-fund-teams/foodstop
FoodX,https://www.cityu.edu.hk/hktech300/start-ups/seed-fund-teams/foodx
"For green, safe and smart wearable era: air/seawater collaborative power supply and sensing system",https://www.cityu.edu.hk/hktech300/start-ups/seed-fund-teams/air-seawater-collaborative-power-supply
Foresell Hong Kong Limited,https://www.cityu.edu.hk/hktech300/start-ups/seed-fund-teams/foresell-hong-kong-limited
Freedrop Limited,https://www.cityu.edu.hk/hktech300/start-ups/angel-fund-teams/freedrop-limited
Freeness,https://www.cityu.edu.hk/hktech300/start-ups/seed-fund-teams/freeness
Freez’s,https://www.cityu.edu.hk/hktech300/start-ups/seed-fund-teams/freezs
"Fully packaged, high speed, thin-film lithium niobate electro-optic modulator",https://www.cityu.edu.hk/hktech300/start-ups/seed-fund-teams/thin-film-lithium-niobate-electro-optic-modulator
FutureNow,https://www.cityu.edu.hk/hktech300/start-ups/seed-fund-teams/futurenow
FV training,https://www.cityu.edu.hk/hktech300/start-ups/seed-fund-teams/fv-training
GABES Limited,https://www.cityu.edu.hk/hktech300/start-ups/angel-fund-teams/gabes-limited
GAMLIC Studio – AI Explorer,https://www.cityu.edu.hk/hktech300/start-ups/seed-fund-teams/gamlic-studio-ai-explorer
Garlican,https://www.cityu.edu.hk/hktech300/start-ups/seed-fund-teams/garlican
GasTech,https://www.cityu.edu.hk/hktech300/start-ups/seed-fund-teams/gastech
GatherKing,https://www.cityu.edu.hk/hktech300/start-ups/seed-fund-teams/gatherking
Geekversal,https://www.cityu.edu.hk/hktech300/start-ups/seed-fund-teams/geekversal
Gene-X Innovations Limited,https://www.cityu.edu.hk/hktech300/start-ups/gene-x-innovations-limited
GeneNet Limited,https://www.cityu.edu.hk/hktech300/start-ups/genenet-limited
Genetic Algorithm Optimized Deep Learning Model to Forecast Ultra-Short-Term Concentration of Fly Ash From Coal Fired Power Plants,https://www.cityu.edu.hk/hktech300/start-ups/seed-fund-teams/genetic-algorithm-optimized-deep-learning-model-forecast-ultra-short-term
Gestura,https://www.cityu.edu.hk/hktech300/start-ups/seed-fund-teams/gestura
Glassbox AI,https://www.cityu.edu.hk/hktech300/start-ups/glassbox-ai
Glide Creato,https://www.cityu.edu.hk/hktech300/start-ups/seed-fund-teams/glide-creato
GloStudy,https://www.cityu.edu.hk/hktech300/start-ups/seed-fund-teams/glostudy
GNet,https://www.cityu.edu.hk/hktech300/start-ups/seed-fund-teams/gnet
GoFire Account,https://www.cityu.edu.hk/hktech300/start-ups/seed-fund-teams/gofire-account
GOODTAKES,https://www.cityu.edu.hk/hktech300/start-ups/seed-fund-teams/goodtakes
Goolab Technology Company Limited,https://www.cityu.edu.hk/hktech300/start-ups/goolab-technology-company-limited
Gportrait,https://www.cityu.edu.hk/hktech300/start-ups/seed-fund-teams/gportrait
GradBubble,https://www.cityu.edu.hk/hktech300/start-ups/seed-fund-teams/gradbubble
Greater Bay Biotechnology Limited,https://www.cityu.edu.hk/hktech300/start-ups/angel-fund-teams/greater-bay-biotechnology
Green Point Data Solutions - SMEsync,https://www.cityu.edu.hk/hktech300/start-ups/seed-fund-teams/green-point-data-solutions-smesync
Green sunflower,https://www.cityu.edu.hk/hktech300/start-ups/seed-fund-teams/green-sunflower
GreenMem,https://www.cityu.edu.hk/hktech300/start-ups/seed-fund-teams/greenmem
GrownTech,https://www.cityu.edu.hk/hktech300/start-ups/seed-fund-teams/growntech
Guardian,https://www.cityu.edu.hk/hktech300/start-ups/seed-fund-teams/guardian
Guardian AI,https://www.cityu.edu.hk/hktech300/start-ups/seed-fund-teams/guardian-ai
GuardianAI,https://www.cityu.edu.hk/hktech300/start-ups/seed-fund-teams/guardianai
Guiding Paws,https://www.cityu.edu.hk/hktech300/start-ups/seed-fund-teams/guiding-paws
GUTolution,https://www.cityu.edu.hk/hktech300/start-ups/gutolution
H&S,https://www.cityu.edu.hk/hktech300/start-ups/seed-fund-teams/h%26s
HairCoSys Limited,https://www.cityu.edu.hk/hktech300/start-ups/haircosys-limited
HappyJai Limited,https://www.cityu.edu.hk/hktech300/start-ups/angel-fund-teams/happyjai
HarvSolar,https://www.cityu.edu.hk/hktech300/start-ups/seed-fund-teams/harvsolar
HBI Biochip,https://www.cityu.edu.hk/hktech300/start-ups/seed-fund-teams/hbi-biochip
Health Guardian Tech,https://www.cityu.edu.hk/hktech300/start-ups/seed-fund-teams/health-guardian-tech
Health-Gut,https://www.cityu.edu.hk/hktech300/start-ups/seed-fund-teams/health-gut
HEATrify,https://www.cityu.edu.hk/hktech300/start-ups/seed-fund-teams/heatrify
Heter-stiffness helical propulsion robot with adaptive energy allocation,https://www.cityu.edu.hk/hktech300/start-ups/seed-fund-teams/heter-stiffness
High-performance and cost-effective moisture-based cooling design for more sustainable passive thermal management,https://www.cityu.edu.hk/hktech300/start-ups/seed-fund-teams/high-performance-and-cost-effective-moisture-based-cooling-design
HiveAI,https://www.cityu.edu.hk/hktech300/start-ups/seed-fund-teams/hiveai
HK Super Carbon Nano Technology Limited,https://www.cityu.edu.hk/hktech300/start-ups/angel-fund-teams/hk-super-carbon-nano-technology-limited
Home for Homeless,https://www.cityu.edu.hk/hktech300/start-ups/seed-fund-teams/home-homeless
"Hong Kong Julang Electronic Materials Co., Ltd.",https://www.cityu.edu.hk/hktech300/start-ups/hong-kong-julang-electronic-materials-co-ltd
Hong Kong Sturdy New Materials Science Technology Limited,https://www.cityu.edu.hk/hktech300/start-ups/angel-fund-teams/sturdy
Hong Kong Well Life Biotechnology,https://www.cityu.edu.hk/hktech300/start-ups/seed-fund-teams/hong-kong-well-life-biotechnology
Hong Kong X-Wheel Intelligence Technology Limited,https://www.cityu.edu.hk/hktech300/start-ups/hong-kong-x-wheel-intelligence-technology-limited
Hong Kong's first Cocktail Machine,https://www.cityu.edu.hk/hktech300/start-ups/seed-fund-teams/xoxobeverages
HorseOn Friends,https://www.cityu.edu.hk/hktech300/start-ups/seed-fund-teams/horseon-friends
HOT-AR,https://www.cityu.edu.hk/hktech300/start-ups/seed-fund-teams/hot-ar
HotelKey,https://www.cityu.edu.hk/hktech300/start-ups/seed-fund-teams/hotelkey
HydroPower Recycle System,https://www.cityu.edu.hk/hktech300/start-ups/seed-fund-teams/hydropower-recycle-system
HydroTech,https://www.cityu.edu.hk/hktech300/start-ups/seed-fund-teams/hydrotech
HyperRadar,https://www.cityu.edu.hk/hktech300/start-ups/seed-fund-teams/hyperradar
i2Cool Limited,https://www.cityu.edu.hk/hktech300/start-ups/angel-fund-teams/i2cool
iAML SAAS Dashboard,https://www.cityu.edu.hk/hktech300/start-ups/seed-fund-teams/iaml-saas-dashboard
iBreathe,https://www.cityu.edu.hk/hktech300/start-ups/seed-fund-teams/ibreathe
iFinGate Limited,https://www.cityu.edu.hk/hktech300/start-ups/angel-fund-teams/ifingate
Ihealth,https://www.cityu.edu.hk/hktech300/start-ups/seed-fund-teams/ihealth
iLabShare,https://www.cityu.edu.hk/hktech300/start-ups/seed-fund-teams/ilabshare
iLand - Knowledge Transform Service Platform,https://www.cityu.edu.hk/hktech300/start-ups/seed-fund-teams/iland
iLandy,https://www.cityu.edu.hk/hktech300/start-ups/seed-fund-teams/ilandy
Immpet Biotech,https://www.cityu.edu.hk/hktech300/start-ups/seed-fund-teams/immpet-biotech
InBox platform,https://www.cityu.edu.hk/hktech300/start-ups/seed-fund-teams/inbox-platform
Indoor Light Navigation System Based on Ultra-wideband Technology,https://www.cityu.edu.hk/hktech300/start-ups/seed-fund-teams/indoor-light-navigation-system
Industrialisation for cBN Hard Nanocoating,https://www.cityu.edu.hk/hktech300/start-ups/seed-fund-teams/industrialisation-for-cbn-hard-nanocoating
Infinity Technology Corporation Limited,https://www.cityu.edu.hk/hktech300/start-ups/angel-fund-teams/dimorder
Infotronic Technology Limited,https://www.cityu.edu.hk/hktech300/start-ups/angel-fund-teams/infotronic-technology-limited
InnerSpeech,https://www.cityu.edu.hk/hktech300/start-ups/seed-fund-teams/innerspeech
InnoCity Limited,https://www.cityu.edu.hk/hktech300/start-ups/innocity-limited
InnoSpire Technology Limited,https://www.cityu.edu.hk/hktech300/start-ups/angel-fund-teams/innospire-technology-limited
InnovElders,https://www.cityu.edu.hk/hktech300/start-ups/seed-fund-teams/innovelders
InnoVi NoCode,https://www.cityu.edu.hk/hktech300/start-ups/seed-fund-teams/innovi-nocode
InspectEasy,https://www.cityu.edu.hk/hktech300/start-ups/seed-fund-teams/inspecteasy
Instant collaboration between KOLs and businesses,https://www.cityu.edu.hk/hktech300/start-ups/seed-fund-teams/instant-collaboration-between-kols-and-businesses
IntBT (Integrated Blood-Testing Technologies),https://www.cityu.edu.hk/hktech300/start-ups/seed-fund-teams/intbt-integrated-blood-testing-technologies
Intelligence Sparks,https://www.cityu.edu.hk/hktech300/start-ups/seed-fund-teams/intelligence-sparks
Intelligent Online Shop Management Platform,https://www.cityu.edu.hk/hktech300/start-ups/seed-fund-teams/rotechverse
Intelligent Platform for Financial Information Retrieval and Analysis,https://www.cityu.edu.hk/hktech300/start-ups/seed-fund-teams/intelligent-platform-for-financial-information-retrieval-and-analysis
Intelligent recommending system that helps you find your best-fit academic supervisor,https://www.cityu.edu.hk/hktech300/start-ups/seed-fund-teams/intelligent-recommending-system
Intelligent Service Platform for Securities Lending,https://www.cityu.edu.hk/hktech300/start-ups/seed-fund-teams/intelligent-service-platform-for-securities-lending
Intelligent UVC and Far-UVC device for instant effective disinfection,https://www.cityu.edu.hk/hktech300/start-ups/seed-fund-teams/intelligent-uvc-and-far-uvc-device-instant-effective-disinfection
IntuVision Limited,https://www.cityu.edu.hk/hktech300/start-ups/angel-fund-teams/intuvision-limited
Invisible & Innovative Technology (Asia) Limited,https://www.cityu.edu.hk/hktech300/start-ups/angel-fund-teams/invisibletech
IoT and Data Driven Health and Wellness Platform,https://www.cityu.edu.hk/hktech300/start-ups/seed-fund-teams/iot-and-data-driven-health-and-wellness-platform
IoT Insurance powered by “xAI” (Next Generation AI),https://www.cityu.edu.hk/hktech300/start-ups/seed-fund-teams/iot-insurance
iPet,https://www.cityu.edu.hk/hktech300/start-ups/seed-fund-teams/ipet
ISCAN,https://www.cityu.edu.hk/hktech300/start-ups/seed-fund-teams/iscan
ITsci Company Limited,https://www.cityu.edu.hk/hktech300/start-ups/angel-fund-teams/itsci
iWalk,https://www.cityu.edu.hk/hktech300/start-ups/seed-fund-teams/iwalk
JanusLean Biotech Company Limited,https://www.cityu.edu.hk/hktech300/start-ups/angel-fund-teams/janusLean-biotech
JBC – Freebie,https://www.cityu.edu.hk/hktech300/start-ups/seed-fund-teams/jbc-freebie
JBOT,https://www.cityu.edu.hk/hktech300/start-ups/seed-fund-teams/jbot
Job Matriz Limited,https://www.cityu.edu.hk/hktech300/start-ups/angel-fund-teams/jobmatriz-limited
Jober,https://www.cityu.edu.hk/hktech300/start-ups/seed-fund-teams/jober
JobRooster,https://www.cityu.edu.hk/hktech300/start-ups/seed-fund-teams/jobrooster
Jotbody (HK) Limited,https://www.cityu.edu.hk/hktech300/start-ups/angel-fund-teams/jotbody
Jumppoint,https://www.cityu.edu.hk/hktech300/start-ups/seed-fund-teams/jumppoint
JUNLI Limited,https://www.cityu.edu.hk/hktech300/start-ups/junli-limited
Just A Moment Wellness,https://www.cityu.edu.hk/hktech300/start-ups/seed-fund-teams/just-a-moment-wellness
JUST Solutions Limited,https://www.cityu.edu.hk/hktech300/start-ups/angel-fund-teams/just-solutions-limited
Kaki,https://www.cityu.edu.hk/hktech300/start-ups/seed-fund-teams/kaki
Kalos,https://www.cityu.edu.hk/hktech300/start-ups/seed-fund-teams/kalos
Kamakura Foods Limited,https://www.cityu.edu.hk/hktech300/start-ups/angel-fund-teams/wadabento
Kanaya AI Technology Limited,https://www.cityu.edu.hk/hktech300/start-ups/kanaya-ai-technology-limited
Keep Ai,https://www.cityu.edu.hk/hktech300/start-ups/seed-fund-teams/keep-ai
KeyPoints Exchange Limited,https://www.cityu.edu.hk/hktech300/start-ups/angel-fund-teams/kpex
Khepri,https://www.cityu.edu.hk/hktech300/start-ups/seed-fund-teams/khepri
Kitchen-Live,https://www.cityu.edu.hk/hktech300/start-ups/seed-fund-teams/kitchen-live
Know My Fund,https://www.cityu.edu.hk/hktech300/start-ups/seed-fund-teams/know-my-fund
Know Your Talent,https://www.cityu.edu.hk/hktech300/start-ups/seed-fund-teams/know-your-talent
Knowledge Mining for Energy Material Discovery and Development by Deep Learning,https://www.cityu.edu.hk/hktech300/start-ups/seed-fund-teams/knowledge-mining
KOC&U,https://www.cityu.edu.hk/hktech300/start-ups/seed-fund-teams/kocnu
Kongcept Tour,https://www.cityu.edu.hk/hktech300/start-ups/seed-fund-teams/kongcept-tour
KYC Verification Tool for Chinese Client (VTCC),https://www.cityu.edu.hk/hktech300/start-ups/seed-fund-teams/vtcc
LABELESS,https://www.cityu.edu.hk/hktech300/start-ups/seed-fund-teams/labeless
Lacess Limited,https://www.cityu.edu.hk/hktech300/start-ups/angel-fund-teams/lacess-limited
Laire Tech Limited,https://www.cityu.edu.hk/hktech300/start-ups/laire-tech-limited
Lasen,https://www.cityu.edu.hk/hktech300/start-ups/seed-fund-teams/lasen
Laso Technology Limited,https://www.cityu.edu.hk/hktech300/start-ups/seed-fund-teams/laso
Latchie Company Limited,https://www.cityu.edu.hk/hktech300/start-ups/angel-fund-teams/latchie
LatticeFlux,https://www.cityu.edu.hk/hktech300/start-ups/seed-fund-teams/latticeflux
LAWROVER,https://www.cityu.edu.hk/hktech300/start-ups/seed-fund-teams/lawrover
LBS+,https://www.cityu.edu.hk/hktech300/start-ups/seed-fund-teams/lbs
Leafee,https://www.cityu.edu.hk/hktech300/start-ups/seed-fund-teams/leafee
Lecopt Technology,https://www.cityu.edu.hk/hktech300/start-ups/seed-fund-teams/lecopt-technology
Legacy,https://www.cityu.edu.hk/hktech300/start-ups/seed-fund-teams/legacy
Leidenford Limited,https://www.cityu.edu.hk/hktech300/start-ups/angel-fund-teams/leidenford-limited
LemonT,https://www.cityu.edu.hk/hktech300/start-ups/seed-fund-teams/lemont
LEVAV,https://www.cityu.edu.hk/hktech300/start-ups/seed-fund-teams/levav
Life Fraction,https://www.cityu.edu.hk/hktech300/start-ups/seed-fund-teams/life-fraction
Lifty,https://www.cityu.edu.hk/hktech300/start-ups/seed-fund-teams/lifty
LIGHT CARE,https://www.cityu.edu.hk/hktech300/start-ups/seed-fund-teams/light-care
"Lightweight, flexible perovskite photovoltaic modules for photovoltaic power station",https://www.cityu.edu.hk/hktech300/start-ups/seed-fund-teams/perovskite-photovoltaic-modules-for-photovoltaic-power-station
LinkAIQ Limited – Next-generation Brain Entrainment System for common sleep problems,https://www.cityu.edu.hk/hktech300/start-ups/seed-fund-teams/linkaiq-limited
Liquid – TruDoc,https://www.cityu.edu.hk/hktech300/start-ups/seed-fund-teams/liquid-trudoc
Little Drops,https://www.cityu.edu.hk/hktech300/start-ups/seed-fund-teams/little-drops
Liveagle,https://www.cityu.edu.hk/hktech300/start-ups/seed-fund-teams/liveagle
Locolla Limited,https://www.cityu.edu.hk/hktech300/start-ups/angel-fund-teams/locolla
LOOK,https://www.cityu.edu.hk/hktech300/start-ups/seed-fund-teams/look
Look4kol,https://www.cityu.edu.hk/hktech300/start-ups/seed-fund-teams/look4kol
Loopsy,https://www.cityu.edu.hk/hktech300/start-ups/seed-fund-teams/loopsy
LULU KEEPER,https://www.cityu.edu.hk/hktech300/start-ups/seed-fund-teams/lulu-keeper
LUMAT-SERS limited,https://www.cityu.edu.hk/hktech300/start-ups/angel-fund-teams/lumat-sers
Luminova Innovations,https://www.cityu.edu.hk/hktech300/start-ups/seed-fund-teams/luminova-innovations
Luna Cat – Fall Prevention AIoT System,https://www.cityu.edu.hk/hktech300/start-ups/seed-fund-teams/luna-cat
M.A.V.I.S.,https://www.cityu.edu.hk/hktech300/start-ups/seed-fund-teams/mavis
MaaS,https://www.cityu.edu.hk/hktech300/start-ups/seed-fund-teams/maas
"Magnetic, Wall-climbing Robot for Industry Nondestructive Testing",https://www.cityu.edu.hk/hktech300/start-ups/seed-fund-teams/magnetic-wall-climbing-robot
Maison RE/WE,https://www.cityu.edu.hk/hktech300/start-ups/seed-fund-teams/maisonrewe
Makebell Limited,https://www.cityu.edu.hk/hktech300/start-ups/makebell-limited
MakeOmnia Limited,https://www.cityu.edu.hk/hktech300/start-ups/angel-fund-teams/makeomnia
MarginLog,https://www.cityu.edu.hk/hktech300/start-ups/seed-fund-teams/marginlog
Marisa Tech – iST Platform,https://www.cityu.edu.hk/hktech300/start-ups/seed-fund-teams/marisa-tech-ist-platform
Marketing Solutions based on MR Technology + Malls/Stores,https://www.cityu.edu.hk/hktech300/start-ups/seed-fund-teams/marketing-solutions-based-on-mr-technology
MATCH LIMITED,https://www.cityu.edu.hk/hktech300/start-ups/match-limited
MatchUp,https://www.cityu.edu.hk/hktech300/start-ups/seed-fund-teams/matchup
Meat the Next Company Limited,https://www.cityu.edu.hk/hktech300/start-ups/angel-fund-teams/meattn
MediConCen Limited,https://www.cityu.edu.hk/hktech300/start-ups/angel-fund-teams/mediconcen
Medmind Technology Limited,https://www.cityu.edu.hk/hktech300/start-ups/angel-fund-teams/medmindtechnology
MEDtaverses,https://www.cityu.edu.hk/hktech300/start-ups/seed-fund-teams/medtaverses
MedVision,https://www.cityu.edu.hk/hktech300/start-ups/seed-fund-teams/medvision
MEI TEAM – VRWalker,https://www.cityu.edu.hk/hktech300/start-ups/seed-fund-teams/mei-team-vrwalker
Merchport,https://www.cityu.edu.hk/hktech300/start-ups/angel-fund-teams/merchport
Meta Carbon Project,https://www.cityu.edu.hk/hktech300/start-ups/seed-fund-teams/meta-carbon-project
Meta Liquor,https://www.cityu.edu.hk/hktech300/start-ups/seed-fund-teams/meta-liquor
Meta-Artifactory,https://www.cityu.edu.hk/hktech300/start-ups/seed-fund-teams/meta-artifactory
MetaAgent,https://www.cityu.edu.hk/hktech300/start-ups/seed-fund-teams/metaagent
MetaExercise,https://www.cityu.edu.hk/hktech300/start-ups/seed-fund-teams/metaexercise
Metamoarphosis,https://www.cityu.edu.hk/hktech300/start-ups/seed-fund-teams/metamoarphosis
Metamory Technology Limited,https://www.cityu.edu.hk/hktech300/start-ups/angel-fund-teams/metamory-technology-limited
MetaPred X,https://www.cityu.edu.hk/hktech300/start-ups/seed-fund-teams/metapred-x
Metartland,https://www.cityu.edu.hk/hktech300/start-ups/seed-fund-teams/metartland
Methods and systems for measuring multiplex RNA expression,https://www.cityu.edu.hk/hktech300/start-ups/seed-fund-teams/multiplex-rna-expression
MI simulators,https://www.cityu.edu.hk/hktech300/start-ups/seed-fund-teams/mi-simulators
MicroCent,https://www.cityu.edu.hk/hktech300/start-ups/seed-fund-teams/microcent
MiExpert,https://www.cityu.edu.hk/hktech300/start-ups/seed-fund-teams/mi-expert
MindAmp Limited,https://www.cityu.edu.hk/hktech300/start-ups/angel-fund-teams/mindamp
MINDLAYER LIMITED,https://www.cityu.edu.hk/hktech300/start-ups/angel-fund-teams/mindplayer
mobot,https://www.cityu.edu.hk/hktech300/start-ups/seed-fund-teams/mobot
Momodoc,https://www.cityu.edu.hk/hktech300/start-ups/seed-fund-teams/momodoc
MomoDoc Company Limited,https://www.cityu.edu.hk/hktech300/start-ups/momodoc-company-limited
Money Floor Plan Leasing System,https://www.cityu.edu.hk/hktech300/start-ups/seed-fund-teams/money-floor-plan-leasing-system
Moodies' Care,https://www.cityu.edu.hk/hktech300/start-ups/seed-fund-teams/moodies-care
Moon Squad – Moon Lab,https://www.cityu.edu.hk/hktech300/start-ups/seed-fund-teams/moon-squad-moon-lab
MotionzLab,https://www.cityu.edu.hk/hktech300/start-ups/seed-fund-teams/motionzlab
MotoNerv Limited,https://www.cityu.edu.hk/hktech300/start-ups/angel-fund-teams/motonerv-limited
Motrack,https://www.cityu.edu.hk/hktech300/start-ups/seed-fund-teams/motrack
MOVE IT MOVE IT LIMITED,https://www.cityu.edu.hk/hktech300/start-ups/angel-fund-teams/move-it-move-it
Multi-E,https://www.cityu.edu.hk/hktech300/start-ups/seed-fund-teams/multi-e
My Dev of Tea,https://www.cityu.edu.hk/hktech300/start-ups/seed-fund-teams/my-dev-tea
Mycoach Health Limited,https://www.cityu.edu.hk/hktech300/start-ups/mycoach-health-limited
MYTEA SOLUTIONS LIMITED,https://www.cityu.edu.hk/hktech300/start-ups/angel-fund-teams/letstea
N1 Golf Sims,https://www.cityu.edu.hk/hktech300/start-ups/seed-fund-teams/n1-golf-sims
Nano-modified titanium implants,https://www.cityu.edu.hk/hktech300/start-ups/seed-fund-teams/nano-modified-titanium%20implants
NanoIPT,https://www.cityu.edu.hk/hktech300/start-ups/seed-fund-teams/nanoipt
Navtag,https://www.cityu.edu.hk/hktech300/start-ups/seed-fund-teams/navtag
Needy,https://www.cityu.edu.hk/hktech300/start-ups/seed-fund-teams/needy
neoPIX,https://www.cityu.edu.hk/hktech300/start-ups/seed-fund-teams/neopix
NerOcean,https://www.cityu.edu.hk/hktech300/start-ups/angel-fund-teams/nerocean
Nerv,https://www.cityu.edu.hk/hktech300/start-ups/seed-fund-teams/nerv
NeuroTronics,https://www.cityu.edu.hk/hktech300/start-ups/seed-fund-teams/neurotronics
Neverland,https://www.cityu.edu.hk/hktech300/start-ups/seed-fund-teams/neverland
New functional auxiliaries and industrialization – Integrated R&D strategy and industrialization of functional bio-based porphyrins,https://www.cityu.edu.hk/hktech300/start-ups/seed-fund-teams/integrated-r%26d-strategy-and-industrialization
New Hybrid Nano-Twin Copper for advanced electronic applications,https://www.cityu.edu.hk/hktech300/start-ups/seed-fund-teams/new-hybrid-nano-twin-copper
Newbie Holdings Team,https://www.cityu.edu.hk/hktech300/start-ups/seed-fund-teams/newbie-holdings-team
NFT arcade,https://www.cityu.edu.hk/hktech300/start-ups/seed-fund-teams/nft-arcade
NFT Vending Machine,https://www.cityu.edu.hk/hktech300/start-ups/seed-fund-teams/nft-vending-machine
nnenu,https://www.cityu.edu.hk/hktech300/start-ups/seed-fund-teams/nnenu
NOF,https://www.cityu.edu.hk/hktech300/start-ups/seed-fund-teams/nof
NOT ONLY POWDER,https://www.cityu.edu.hk/hktech300/start-ups/seed-fund-teams/not-only-powder
NovBee Limited,https://www.cityu.edu.hk/hktech300/start-ups/angel-fund-teams/novbee
Novel photocatalytic coatings for marine antifouling and anticorrosion,https://www.cityu.edu.hk/hktech300/start-ups/seed-fund-teams/novel-photocatalytic-coatings
"Novel Reusable Antivirus, Non-Toxic, Visible-light-driven Photocatalytic ZIF-8 Loaded Fabric for Air Cleaning",https://www.cityu.edu.hk/hktech300/start-ups/seed-fund-teams/photocatalytic
Novelte Robotics Limited,https://www.cityu.edu.hk/hktech300/start-ups/angel-fund-teams/novelte-robotics-limited
Novus Holdings Limited,https://www.cityu.edu.hk/hktech300/start-ups/angel-fund-teams/minitzhk
NuFlux,https://www.cityu.edu.hk/hktech300/start-ups/seed-fund-teams/nuflux
NUTSHELL,https://www.cityu.edu.hk/hktech300/start-ups/seed-fund-teams/nutshell
O2EZ,https://www.cityu.edu.hk/hktech300/start-ups/seed-fund-teams/o2ez
OAO-Project Apollo,https://www.cityu.edu.hk/hktech300/start-ups/seed-fund-teams/oao-project-apollo
Oases,https://www.cityu.edu.hk/hktech300/start-ups/seed-fund-teams/oases
Okeanos,https://www.cityu.edu.hk/hktech300/start-ups/seed-fund-teams/okeanos
OLLA,https://www.cityu.edu.hk/hktech300/start-ups/seed-fund-teams/olla
OmicLab Limited,https://www.cityu.edu.hk/hktech300/start-ups/angel-fund-teams/omiclab
One-stop solution for optimising quality homecare service,https://www.cityu.edu.hk/hktech300/start-ups/seed-fund-teams/one-stop-solution-optimizing-quality-homecare-service
OneChain Consortium,https://www.cityu.edu.hk/hktech300/start-ups/seed-fund-teams/onechain-consortium
Onepile Limited,https://www.cityu.edu.hk/hktech300/start-ups/onepile-limited
Online assignment and examination assessment platform powered by A.I. technology,https://www.cityu.edu.hk/hktech300/start-ups/seed-fund-teams/online-assignment-and-exam-assessment-platform
Open Flow Optical Cavity (OFOC),https://www.cityu.edu.hk/hktech300/start-ups/seed-fund-teams/open-flow-optical-cavity
Open Ocean Camera,https://www.cityu.edu.hk/hktech300/start-ups/seed-fund-teams/open-ocean-camera
OptiLegal,https://www.cityu.edu.hk/hktech300/start-ups/seed-fund-teams/optilegal
Orca Layout,https://www.cityu.edu.hk/hktech300/start-ups/seed-fund-teams/orca-layout
OrderHub,https://www.cityu.edu.hk/hktech300/start-ups/seed-fund-teams/orderhub
Orderlo,https://www.cityu.edu.hk/hktech300/start-ups/seed-fund-teams/orderlo
Orikong,https://www.cityu.edu.hk/hktech300/start-ups/seed-fund-teams/orikong
OVLD – Digital Riding,https://www.cityu.edu.hk/hktech300/start-ups/seed-fund-teams/ovld-digital-riding
PalPal,https://www.cityu.edu.hk/hktech300/start-ups/seed-fund-teams/palpal
Particoo Tech,https://www.cityu.edu.hk/hktech300/start-ups/seed-fund-teams/particoo-tech
Patin – a revolutionary superfood in Hong Kong,https://www.cityu.edu.hk/hktech300/start-ups/seed-fund-teams/patin
Peptide Adventure,https://www.cityu.edu.hk/hktech300/start-ups/seed-fund-teams/peptide-adventure
Pesto Green,https://www.cityu.edu.hk/hktech300/start-ups/seed-fund-teams/pesto-green
Pet image recognition,https://www.cityu.edu.hk/hktech300/start-ups/seed-fund-teams/pet-image-recognition
Petalife,https://www.cityu.edu.hk/hktech300/start-ups/seed-fund-teams/petalife
PetsAround,https://www.cityu.edu.hk/hktech300/start-ups/seed-fund-teams/petsaround
Phosphogypsum regeneration resource utilization,https://www.cityu.edu.hk/hktech300/start-ups/seed-fund-teams/phosphogypsum-regeneration-resource-utilization
Photobiological Factory,https://www.cityu.edu.hk/hktech300/start-ups/seed-fund-teams/photobiological-factory
Photonic PCR Bioscience,https://www.cityu.edu.hk/hktech300/start-ups/seed-fund-teams/photonic-pcr-bioscience
PhyCell,https://www.cityu.edu.hk/hktech300/start-ups/seed-fund-teams/phycell
PI-AI Fault Detector,https://www.cityu.edu.hk/hktech300/start-ups/seed-fund-teams/pi-ai-fault-detector
Picko,https://www.cityu.edu.hk/hktech300/start-ups/seed-fund-teams/picko
Pivot BME,https://www.cityu.edu.hk/hktech300/start-ups/seed-fund-teams/pivot-bme
Pixieai,https://www.cityu.edu.hk/hktech300/start-ups/seed-fund-teams/pixieai
Plan C – Safnect Wallet,https://www.cityu.edu.hk/hktech300/start-ups/seed-fund-teams/plan-c-safnect-wallet
PLAPER,https://www.cityu.edu.hk/hktech300/start-ups/seed-fund-teams/plaper
PlaySmart,https://www.cityu.edu.hk/hktech300/start-ups/seed-fund-teams/playsmart
PluGo,https://www.cityu.edu.hk/hktech300/start-ups/seed-fund-teams/plugo
Point-of-care - Biosensors for Drug Efficacy and Patient Response Evaluation,https://www.cityu.edu.hk/hktech300/start-ups/seed-fund-teams/point-of-care
Pokeguide Limited,https://www.cityu.edu.hk/hktech300/start-ups/angel-fund-teams/pokeguide
Pong Company Limited,https://www.cityu.edu.hk/hktech300/start-ups/angel-fund-teams/pong-company-limited
Poring into Nano,https://www.cityu.edu.hk/hktech300/start-ups/seed-fund-teams/poring-nano
Portable Water Purification System,https://www.cityu.edu.hk/hktech300/start-ups/seed-fund-teams/portable-water-purification-system
Portalyze Point of Care Limited,https://www.cityu.edu.hk/hktech300/start-ups/angel-fund-teams/portalyze-point-of-care
Powater,https://www.cityu.edu.hk/hktech300/start-ups/seed-fund-teams/powater
Precisive feeding,https://www.cityu.edu.hk/hktech300/start-ups/seed-fund-teams/precisive-feeding
Premium AI Inspection Technology Company,https://www.cityu.edu.hk/hktech300/start-ups/seed-fund-teams/premium-ai-inspection-technology-company
Project Atlantis – IoT Enabled Underwater Farm,https://www.cityu.edu.hk/hktech300/start-ups/seed-fund-teams/project-atlantis
Project Greenhouse,https://www.cityu.edu.hk/hktech300/start-ups/seed-fund-teams/project-greenhouse
Property Valuation Calculator,https://www.cityu.edu.hk/hktech300/start-ups/seed-fund-teams/property-valuation-calculator
Prozparity Digital,https://www.cityu.edu.hk/hktech300/start-ups/seed-fund-teams/prozparity-digital
Psybot Team,https://www.cityu.edu.hk/hktech300/start-ups/seed-fund-teams/psybot
Pupil Waves – CYCLOPS,https://www.cityu.edu.hk/hktech300/start-ups/seed-fund-teams/pupil-waves-cyclops
Q-Master,https://www.cityu.edu.hk/hktech300/start-ups/seed-fund-teams/q-master
QickGenerate Technology Limited,https://www.cityu.edu.hk/hktech300/start-ups/angel-fund-teams/qickgenerate-technology
QualiFly,https://www.cityu.edu.hk/hktech300/start-ups/seed-fund-teams/qualiflyhk
Quantum Music Technology Limited – AUDAI,https://www.cityu.edu.hk/hktech300/start-ups/seed-fund-teams/quantum-music-technology-limited-audai
R FOOD EAT,https://www.cityu.edu.hk/hktech300/start-ups/seed-fund-teams/r-food-eat
R2C2 Limited,https://www.cityu.edu.hk/hktech300/start-ups/seed-fund-teams/r2c2-limited
Radiance Tech International Limited,https://www.cityu.edu.hk/hktech300/start-ups/angel-fund-teams/radiance-tech-international-limited
READily,https://www.cityu.edu.hk/hktech300/start-ups/seed-fund-teams/readily
Reatix,https://www.cityu.edu.hk/hktech300/start-ups/seed-fund-teams/reatix
ReChips,https://www.cityu.edu.hk/hktech300/start-ups/seed-fund-teams/rechips
recHunteR,https://www.cityu.edu.hk/hktech300/start-ups/seed-fund-teams/rechunter
Red Planet Technology Limited,https://www.cityu.edu.hk/hktech300/start-ups/red-planet-technology-limited
Regitup,https://www.cityu.edu.hk/hktech300/start-ups/seed-fund-teams/regitup
Relearn Education Limited,https://www.cityu.edu.hk/hktech300/start-ups/angel-fund-teams/relearn-education-limited
Remote-controllable all-liquid robotics for the tumor-targeting drug delivery and release,https://www.cityu.edu.hk/hktech300/start-ups/seed-fund-teams/remote-controllable-all-liquid-robotics
RENO VR,https://www.cityu.edu.hk/hktech300/start-ups/seed-fund-teams/reno-vr
Rentastic,https://www.cityu.edu.hk/hktech300/start-ups/seed-fund-teams/rentastic
RentScore Limited,https://www.cityu.edu.hk/hktech300/start-ups/angel-fund-teams/rentscore-limited
Researchain,https://www.cityu.edu.hk/hktech300/start-ups/seed-fund-teams/researchain
Restituo International Limited,https://www.cityu.edu.hk/hktech300/start-ups/seed-fund-teams/restituo-international-limited
Revoskin,https://www.cityu.edu.hk/hktech300/start-ups/seed-fund-teams/revoskin
Ridger Company Limited,https://www.cityu.edu.hk/hktech300/start-ups/seed-fund-teams/ridger-company-limited
RightPick Technology Limited,https://www.cityu.edu.hk/hktech300/start-ups/angel-fund-teams/rightpickhk
Roadar,https://www.cityu.edu.hk/hktech300/start-ups/seed-fund-teams/roadar
Robot Analytic and Management Platform,https://www.cityu.edu.hk/hktech300/start-ups/seed-fund-teams/robot-analytic-and-management-platform
Robot Operating System (ROS),https://www.cityu.edu.hk/hktech300/start-ups/seed-fund-teams/robot-operating-system-ros
Robust Misinformation Detection on Online Social Media,https://www.cityu.edu.hk/hktech300/start-ups/seed-fund-teams/robust-misinformation-detection-online-social-media
ROOOM,https://www.cityu.edu.hk/hktech300/start-ups/seed-fund-teams/rooom
"RPA (HK), Limited",https://www.cityu.edu.hk/hktech300/start-ups/angel-fund-teams/rpa
Run2gather,https://www.cityu.edu.hk/hktech300/start-ups/seed-fund-teams/run2gather
S3Tough Tech Co. Limited,https://www.cityu.edu.hk/hktech300/start-ups/angel-fund-teams/s3tough-tech
Sales Axis,https://www.cityu.edu.hk/hktech300/start-ups/seed-fund-teams/sales-axis
Sambo Group Technology Ltd.,https://www.cityu.edu.hk/hktech300/start-ups/sambo-group-technology-ltd
SandBox School,https://www.cityu.edu.hk/hktech300/start-ups/seed-fund-teams/sandbox-school
Sanus Tech,https://www.cityu.edu.hk/hktech300/start-ups/seed-fund-teams/sanus-tech
SBC Technology Limited,https://www.cityu.edu.hk/hktech300/start-ups/angel-fund-teams/sbc-technology
SEAFRUIT DEPURATION LIMITED,https://www.cityu.edu.hk/hktech300/start-ups/angel-fund-teams/seafruit-depuration
Sealincloud,https://www.cityu.edu.hk/hktech300/start-ups/seed-fund-teams/sealincloud
SeaMap Tech,https://www.cityu.edu.hk/hktech300/start-ups/seed-fund-teams/seamap-tech
SeeWall,https://www.cityu.edu.hk/hktech300/seewall
SensAI Limited,https://www.cityu.edu.hk/hktech300/start-ups/seed-fund-teams/sensai-limited
Sensus Technology Limited,https://www.cityu.edu.hk/hktech300/start-ups/sensus-technology-limited
SENtoR,https://www.cityu.edu.hk/hktech300/start-ups/seed-fund-teams/sentor
Seth Biotech Limited,https://www.cityu.edu.hk/hktech300/start-ups/seth-biotech-limited
SFIDA,https://www.cityu.edu.hk/hktech300/start-ups/seed-fund-teams/sfida
SHARETaxi,https://www.cityu.edu.hk/hktech300/start-ups/seed-fund-teams/sharetaxi
SHARLO,https://www.cityu.edu.hk/hktech300/start-ups/seed-fund-teams/sharlo
Sharpsight Limited,https://www.cityu.edu.hk/hktech300/start-ups/sharpsight-limited
Shines,https://www.cityu.edu.hk/hktech300/start-ups/seed-fund-teams/shines
SHM,https://www.cityu.edu.hk/hktech300/start-ups/seed-fund-teams/shm
Silvermarlin Technologies Limited,https://www.cityu.edu.hk/hktech300/start-ups/seed-fund-teams/silvermarlin-technologies-limited
Sisyphii,https://www.cityu.edu.hk/hktech300/start-ups/seed-fund-teams/sisyphii
SIVA Tech,https://www.cityu.edu.hk/hktech300/start-ups/seed-fund-teams/siva-tech
Sky City EdTech,https://www.cityu.edu.hk/hktech300/start-ups/seed-fund-teams/sky-city-edtech
Small Molecule-based Therapeutic Intervention for Nervous System Repair,https://www.cityu.edu.hk/hktech300/start-ups/seed-fund-teams/small-molecule-based-therapeutic-intervention-nervous-system-repair
Smart Ignite Technology Limited,https://www.cityu.edu.hk/hktech300/start-ups/smart-ignite-technology-limited
Smart Medical Cooling Device,https://www.cityu.edu.hk/hktech300/start-ups/seed-fund-teams/smart-medical-cooling-device
Smart microfluidics,https://www.cityu.edu.hk/hktech300/start-ups/seed-fund-teams/smart-microfluidics
Smart Ocean IOT,https://www.cityu.edu.hk/hktech300/start-ups/seed-fund-teams/smart-ocean-iot
Smart sponge,https://www.cityu.edu.hk/hktech300/start-ups/seed-fund-teams/smart-sponge
Smart toilet (smart digital public restroom system),https://www.cityu.edu.hk/hktech300/start-ups/seed-fund-teams/smart-toilet
Smart Wearable Pulse Monitoring Wristband,https://www.cityu.edu.hk/hktech300/start-ups/seed-fund-teams/smart-wearable-pulse-monitoring-wristband
SmartGini,https://www.cityu.edu.hk/hktech300/start-ups/seed-fund-teams/smartgini
SmartHeart,https://www.cityu.edu.hk/hktech300/start-ups/seed-fund-teams/smartheart
Smarthon Limited,https://www.cityu.edu.hk/hktech300/start-ups/smarthon-limited
SMP Batteries,https://www.cityu.edu.hk/hktech300/start-ups/seed-fund-teams/smp-batteries
Snaildy Education Limited,https://www.cityu.edu.hk/hktech300/start-ups/angel-fund-teams/snaildy-education-limited
SnapFeedback Limited,https://www.cityu.edu.hk/hktech300/start-ups/angel-fund-teams/snapfeedback-limited
SnapGlasses,https://www.cityu.edu.hk/hktech300/start-ups/seed-fund-teams/snapglasses
Snapick Limited,https://www.cityu.edu.hk/hktech300/start-ups/snapick-limited
Soasis – Donation Platform,https://www.cityu.edu.hk/hktech300/start-ups/seed-fund-teams/soasis-donation-platform
Soc Pay online fundraising platform,https://www.cityu.edu.hk/hktech300/start-ups/seed-fund-teams/soc-pay-online-fundraising-platform
Sodium Energy,https://www.cityu.edu.hk/hktech300/start-ups/seed-fund-teams/sodium-energy
Software for Automatic and Optimised Submarine Cable Path Planning and System Design for Cost Effectiveness and Resilience,https://www.cityu.edu.hk/hktech300/start-ups/seed-fund-teams/submarine-cable-path-planning-and-system-design
Solar Harvesting Window for Green Buildings,https://www.cityu.edu.hk/hktech300/start-ups/seed-fund-teams/solar-harvesting-window
Solar-Rainy Generator,https://www.cityu.edu.hk/hktech300/start-ups/seed-fund-teams/solar-rainy-generator
SOLAR.E Tech LIMITED,https://www.cityu.edu.hk/hktech300/start-ups/solare-tech-limited
SOURCY Global Private Limited,https://www.cityu.edu.hk/hktech300/start-ups/sourcy-global-private-limited
SparkCircle,https://www.cityu.edu.hk/hktech300/start-ups/seed-fund-teams/sparkcircle
SparkN,https://www.cityu.edu.hk/hktech300/start-ups/seed-fund-teams/sparkn
SparksUP,https://www.cityu.edu.hk/hktech300/start-ups/seed-fund-teams/sparksup
Speakmanity Limited,https://www.cityu.edu.hk/hktech300/start-ups/speakmanity-limited
SPIRIT - smart spinal rehabilitation therapist,https://www.cityu.edu.hk/hktech300/start-ups/seed-fund-teams/spirit
SponSir!,https://www.cityu.edu.hk/hktech300/start-ups/seed-fund-teams/sponsir
Sramek Insight Limited,https://www.cityu.edu.hk/hktech300/start-ups/angel-fund-teams/sramekinsight
STAR LINK,https://www.cityu.edu.hk/hktech300/start-ups/seed-fund-teams/star-link
Starkid Limited,https://www.cityu.edu.hk/hktech300/start-ups/angel-fund-teams/starkid-limited
StarStuck,https://www.cityu.edu.hk/hktech300/start-ups/seed-fund-teams/starstuck
Startie,https://www.cityu.edu.hk/hktech300/start-ups/seed-fund-teams/startie
"Stemtitute Education & Technology Co., Ltd.",https://www.cityu.edu.hk/hktech300/start-ups/angel-fund-teams/stemtitute
Storius Limited,https://www.cityu.edu.hk/hktech300/start-ups/angel-fund-teams/storius-limited
Story Based Language Learning Game,https://www.cityu.edu.hk/hktech300/start-ups/seed-fund-teams/story-based-language-learning-game
"Strideberry Co., Ltd",https://www.cityu.edu.hk/hktech300/start-ups/seed-fund-teams/strideberry-co-ltd
Stroke risk-assessment model,https://www.cityu.edu.hk/hktech300/start-ups/seed-fund-teams/stroke-risk-assessment-model
Structured Thermal Armour,https://www.cityu.edu.hk/hktech300/start-ups/seed-fund-teams/structured-thermal-armour
Study abroad,https://www.cityu.edu.hk/hktech300/start-ups/seed-fund-teams/study-abroad
Styoolish,https://www.cityu.edu.hk/hktech300/start-ups/seed-fund-teams/styoolish
SuiGor,https://www.cityu.edu.hk/hktech300/start-ups/seed-fund-teams/suigor
Sundial Yoga & Wellness,https://www.cityu.edu.hk/hktech300/start-ups/seed-fund-teams/sundial-yoga-wellness
Sunkissed Team,https://www.cityu.edu.hk/hktech300/start-ups/seed-fund-teams/sunkissed-team
Super Bamboo Limited,https://www.cityu.edu.hk/hktech300/start-ups/angel-fund-teams/thesuperbamboo
Superwrap,https://www.cityu.edu.hk/hktech300/start-ups/seed-fund-teams/superwrap
SuperYang Sensor Tech,https://www.cityu.edu.hk/hktech300/start-ups/seed-fund-teams/superyang-sensor-tech
SurfBiotech,https://www.cityu.edu.hk/hktech300/start-ups/seed-fund-teams/surfbiotech
Surpass,https://www.cityu.edu.hk/hktech300/start-ups/seed-fund-teams/surpass
Sustainability Tech Centre,https://www.cityu.edu.hk/hktech300/start-ups/seed-fund-teams/sustainability-tech-centre
Susy,https://www.cityu.edu.hk/hktech300/start-ups/seed-fund-teams/susy
Swiftour,https://www.cityu.edu.hk/hktech300/start-ups/seed-fund-teams/swiftour
Syngular Technology Limited,https://www.cityu.edu.hk/hktech300/start-ups/angel-fund-teams/syngular-technology-limited
TA – Talent Exchange Dating App,https://www.cityu.edu.hk/hktech300/start-ups/seed-fund-teams/ta-talent-exchange-dating-app
Tagee,https://www.cityu.edu.hk/hktech300/start-ups/seed-fund-teams/tagee
TailorLab,https://www.cityu.edu.hk/hktech300/start-ups/seed-fund-teams/tailorlab
TalentLabs Full-stack Tech Career Platform,https://www.cityu.edu.hk/hktech300/start-ups/seed-fund-teams/talentlabs-full-stack-tech-career-platform
Tangi NFTs Trading Platform,https://www.cityu.edu.hk/hktech300/start-ups/seed-fund-teams/tangi-nft-trading-platform
Tangram Dynamics Robotic,https://www.cityu.edu.hk/hktech300/start-ups/seed-fund-teams/tangram-dynamics-robotic
Taron Solutions Limited,https://www.cityu.edu.hk/hktech300/start-ups/taron-solutions-limited
Team HARmony – OptimEYEZ,https://www.cityu.edu.hk/hktech300/start-ups/seed-fund-teams/team-harmony-optimeyez
Team Pawsitive,https://www.cityu.edu.hk/hktech300/start-ups/seed-fund-teams/team-pawsitive
Tech Boss,https://www.cityu.edu.hk/hktech300/start-ups/seed-fund-teams/tech-boss
Tech Guy Mart,https://www.cityu.edu.hk/hktech300/start-ups/seed-fund-teams/tech-guy-mart
Technic Essential Insurtech,https://www.cityu.edu.hk/hktech300/start-ups/seed-fund-teams/technic-essential-insurtech
Tectechain,https://www.cityu.edu.hk/hktech300/start-ups/seed-fund-teams/tectechain
TeenShare,https://www.cityu.edu.hk/hktech300/start-ups/seed-fund-teams/teenshare
The Achievers,https://www.cityu.edu.hk/hktech300/achievers
The Furry Project,https://www.cityu.edu.hk/hktech300/start-ups/seed-fund-teams/furry-project
The Grind Limited,https://www.cityu.edu.hk/hktech300/start-ups/seed-fund-teams/the-grind-limited
The Next Page,https://www.cityu.edu.hk/hktech300/start-ups/seed-fund-teams/the-next-page
The Port,https://www.cityu.edu.hk/hktech300/start-ups/seed-fund-teams/the-port
The Urban Engine,https://www.cityu.edu.hk/hktech300/start-ups/seed-fund-teams/the-urban-engine
ThermoShield Tech,https://www.cityu.edu.hk/hktech300/start-ups/seed-fund-teams/thermoshield-tech
Theyta Limited,https://www.cityu.edu.hk/hktech300/start-ups/theyta-limited
Ti-TENT LIMITED,https://www.cityu.edu.hk/hktech300/start-ups/seed-fund-teams/ti-tent-limited
Tickfresh Marketplace Limited,https://www.cityu.edu.hk/hktech300/start-ups/seed-fund-teams/tickfresh-marketplace-limited
TimeSeed,https://www.cityu.edu.hk/hktech300/start-ups/seed-fund-teams/timeseed
Tinkey,https://www.cityu.edu.hk/hktech300/start-ups/seed-fund-teams/tinkey
Tiny Ingestible Robot for Targeted Digestive Disease Therapy,https://www.cityu.edu.hk/hktech300/start-ups/seed-fund-teams/tiny-ingestible-robot-targeted-digestive-disease-therapy
Toast Dynamics Limited,https://www.cityu.edu.hk/hktech300/start-ups/toast-dynamics-limited
Together,https://www.cityu.edu.hk/hktech300/start-ups/seed-fund-teams/together
Tolo Digitech Limited,https://www.cityu.edu.hk/hktech300/start-ups/tolo-digitech-limited
Tolo Partners Limited,https://www.cityu.edu.hk/hktech300/start-ups/angel-fund-teams/tolo-partners-limited
Tonicport,https://www.cityu.edu.hk/hktech300/start-ups/seed-fund-teams/tonicport
Tonoarteriography-based Close-Loop Drug Delivery Device for the Monitoring and Therapy of Hypertension,https://www.cityu.edu.hk/hktech300/start-ups/seed-fund-teams/tonoarteriography-based-close-loop-drug-delivery-device
Touch VR e-skin for Metaverse,https://www.cityu.edu.hk/hktech300/start-ups/seed-fund-teams/touch-vr-e-skin
Transparent Antenna for Millimeter-Wave Radar in Autonomous Driving,https://www.cityu.edu.hk/hktech300/start-ups/seed-fund-teams/transparent-antenna
Treely Air Technology Limited,https://www.cityu.edu.hk/hktech300/start-ups/angel-fund-teams/treely-air-technology-limited
Trendsetter,https://www.cityu.edu.hk/hktech300/start-ups/seed-fund-teams/trendsetter
Trendy Dino,https://www.cityu.edu.hk/hktech300/start-ups/seed-fund-teams/trendy-dino
Triceratops – Project Hotel X,https://www.cityu.edu.hk/hktech300/start-ups/seed-fund-teams/triceratops-project-hotel-x
TuShih,https://www.cityu.edu.hk/hktech300/start-ups/seed-fund-teams/tushih
Tutordeo,https://www.cityu.edu.hk/hktech300/start-ups/seed-fund-teams/tutordeo
Two-way air conditioner controller and related automation solutions with air conditioner,https://www.cityu.edu.hk/hktech300/start-ups/seed-fund-teams/two-way-air-conditioner-controller
Ubivox Limited,https://www.cityu.edu.hk/hktech300/start-ups/angel-fund-teams/uvibox-limited
Ugly Duckling Online Music Education,https://www.cityu.edu.hk/hktech300/start-ups/seed-fund-teams/ugly-duckling-online-music-education
Unframed – NFC Web Link,https://www.cityu.edu.hk/hktech300/start-ups/seed-fund-teams/unframed-nfc-web-link
Uniprint,https://www.cityu.edu.hk/hktech300/start-ups/seed-fund-teams/uniprint
UniVision,https://www.cityu.edu.hk/hktech300/start-ups/seed-fund-teams/univision
UnoCryptoFace,https://www.cityu.edu.hk/hktech300/start-ups/seed-fund-teams/unocryptoface
UP Tech,https://www.cityu.edu.hk/hktech300/start-ups/seed-fund-teams/up-tech
UpWatch,https://www.cityu.edu.hk/hktech300/start-ups/seed-fund-teams/upwatch
Vertex,https://www.cityu.edu.hk/hktech300/vertex
VeTrackr Limited,https://www.cityu.edu.hk/hktech300/start-ups/angel-fund-teams/vetrackr
Video-based Automated Epileptic Seizure Recognition System of Mice Model for Drug Development - Neural Motion,https://www.cityu.edu.hk/hktech300/start-ups/seed-fund-teams/epileptic-seizure-recognition-system
VINCI AI,https://www.cityu.edu.hk/hktech300/start-ups/seed-fund-teams/vinci-ai
VirStrain,https://www.cityu.edu.hk/hktech300/start-ups/seed-fund-teams/virstrain
Vision AI Engineering Limited,https://www.cityu.edu.hk/hktech300/start-ups/seed-fund-teams/vision-ai-engineering-limited
Vision Carbon Limited,https://www.cityu.edu.hk/hktech300/start-ups/angel-fund-teams/vision-carbon-limited
Vismed Training Limited,https://www.cityu.edu.hk/hktech300/start-ups/vismed-training-limited
Vismed Training Limited,https://www.cityu.edu.hk/hktech300/start-ups/seed-fund-teams/vismed-training-limited
Vista Innotech Ltd,https://www.cityu.edu.hk/hktech300/start-ups/vista-innotech-ltd
Vivablee,https://www.cityu.edu.hk/hktech300/start-ups/seed-fund-teams/vivablee
Vizzle Limited,https://www.cityu.edu.hk/hktech300/start-ups/seed-fund-teams/vizzle-limited
Volar Air Mobility,https://www.cityu.edu.hk/hktech300/start-ups/seed-fund-teams/volar-air-mobility
VR Community Tour,https://www.cityu.edu.hk/hktech300/start-ups/seed-fund-teams/vr-community-tour
Vuzec Limited,https://www.cityu.edu.hk/hktech300/start-ups/angel-fund-teams/vuzec
Wanmeng Tech Limited,https://www.cityu.edu.hk/hktech300/start-ups/wanmeng-tech-limited
Waste2Build,https://www.cityu.edu.hk/hktech300/start-ups/seed-fund-teams/waste2build
Wed.Vision,https://www.cityu.edu.hk/hktech300/start-ups/seed-fund-teams/wed.vision
WeExpand – Virtual Sales Platform,https://www.cityu.edu.hk/hktech300/start-ups/seed-fund-teams/weexpand
WeKnow Tech,https://www.cityu.edu.hk/hktech300/start-ups/seed-fund-teams/weknow-tech
Wellplayed,https://www.cityu.edu.hk/hktech300/start-ups/seed-fund-teams/wellplayed
WeShip,https://www.cityu.edu.hk/hktech300/start-ups/seed-fund-teams/weship
Wheel Real Experience,https://www.cityu.edu.hk/hktech300/start-ups/seed-fund-teams/wheel-real-experience
Window-Waves Group,https://www.cityu.edu.hk/hktech300/start-ups/seed-fund-teams/window-waves-group
Wine Secret AI Team – AI Sommelier,https://www.cityu.edu.hk/hktech300/start-ups/seed-fund-teams/wine-secret-ai-team-ai-sommelier
Wing Robot Limited,https://www.cityu.edu.hk/hktech300/start-ups/angel-fund-teams/wing-robot-limited
wirelessx,https://www.cityu.edu.hk/hktech300/start-ups/wirelessx
Wise Localizer,https://www.cityu.edu.hk/hktech300/start-ups/seed-fund-teams/wise-localizer
YEZ Tech Limited,https://www.cityu.edu.hk/hktech300/start-ups/angel-fund-teams/yez-tech-limited
Yocto Works,https://www.cityu.edu.hk/hktech300/start-ups/seed-fund-teams/yocto-works
Yoga Now,https://www.cityu.edu.hk/hktech300/start-ups/seed-fund-teams/yoga-now
Yosun,https://www.cityu.edu.hk/hktech300/start-ups/seed-fund-teams/yosun
YOURs,https://www.cityu.edu.hk/hktech300/start-ups/seed-fund-teams/yours
Zcon Tech,https://www.cityu.edu.hk/hktech300/start-ups/seed-fund-teams/zcon-tech
ZenxTag Technology Limited,https://www.cityu.edu.hk/hktech300/start-ups/angel-fund-teams/zenxtag-technology-limited
Zeta Motion Limited,https://www.cityu.edu.hk/hktech300/start-ups/angel-fund-teams/zeta-motion
"Zhangyun Bioscience Co., Ltd. – ESG Fertilisers",https://www.cityu.edu.hk/hktech300/start-ups/seed-fund-teams/zhangyun-bioscience-co-ltd-esg-fertilisers
Zoo Gears Limited,https://www.cityu.edu.hk/hktech300/start-ups/angel-fund-teams/zoo-gears-limited
ZooAI – ChatDuck!,https://www.cityu.edu.hk/hktech300/start-ups/seed-fund-teams/zooai-chatduck
